Ref,Val,Package,PosX,PosY,Rot,Side
"C3","1uF","C_0603_1608Metric",13.462000,-33.655000,-90.000000,bottom
"C4","100nF","C_0805_2012Metric",12.900000,-5.800000,90.000000,bottom
"CB1","100nF","C_0603_1608Metric",25.527000,-29.337000,-90.000000,bottom
"CB2","100nF","C_0603_1608Metric",14.859000,-29.083000,-90.000000,bottom
"CB3","100nF","C_0603_1608Metric",22.923500,-40.036800,0.000000,bottom
"CB4","10uF","C_0603_1608Metric",14.224000,-37.592000,90.000000,bottom
"CRGB1","100nF","C_0805_2012Metric",-5.664000,-14.050000,0.000000,bottom
"CRGB2","100nF","C_0805_2012Metric",272.364000,-14.050000,180.000000,bottom
"CRGB3","100nF","C_0805_2012Metric",-5.645000,-35.800000,0.000000,bottom
"CRGB4","100nF","C_0805_2012Metric",272.364000,-35.800000,180.000000,bottom
"CSH1","4.7nF","C_0805_2012Metric",29.600000,4.400000,90.000000,bottom
"CSH2","4.7nF","C_0805_2012Metric",103.840000,4.400000,90.000000,bottom
"CX1","22pF","C_0603_1608Metric",22.987000,-25.019000,90.000000,bottom
"CX2","22pF","C_0603_1608Metric",15.748000,-25.019000,-90.000000,bottom
"D1","1N4148","D_0805_2012Metric",-5.384800,-8.432800,90.000000,bottom
"D2","1N4148","D_0805_2012Metric",24.130000,-3.500000,90.000000,bottom
"D3","1N4148","D_0805_2012Metric",43.180000,-3.500000,90.000000,bottom
"D4","1N4148","D_0805_2012Metric",62.230000,-3.500000,90.000000,bottom
"D5","1N4148","D_0805_2012Metric",81.280000,-3.500000,90.000000,bottom
"D6","1N4148","D_0805_2012Metric",100.330000,-3.500000,90.000000,bottom
"D7","1N4148","D_0805_2012Metric",119.380000,-3.500000,90.000000,bottom
"D8","1N4148","D_0805_2012Metric",138.430000,-3.500000,90.000000,bottom
"D9","1N4148","D_0805_2012Metric",157.480000,-3.500000,90.000000,bottom
"D10","1N4148","D_0805_2012Metric",176.530000,-3.500000,90.000000,bottom
"D11","1N4148","D_0805_2012Metric",195.580000,-3.500000,90.000000,bottom
"D12","1N4148","D_0805_2012Metric",214.630000,-3.500000,90.000000,bottom
"D13","1N4148","D_0805_2012Metric",233.680000,-3.500000,90.000000,bottom
"D14","1N4148","D_0805_2012Metric",262.255000,-3.500000,90.000000,bottom
"D15","1N4148","D_0805_2012Metric",271.780000,-3.500000,90.000000,bottom
"D16","1N4148","D_0805_2012Metric",8.842500,-22.550000,90.000000,bottom
"D17","1N4148","D_0805_2012Metric",33.655000,-22.550000,90.000000,bottom
"D18","1N4148","D_0805_2012Metric",52.705000,-22.550000,90.000000,bottom
"D19","1N4148","D_0805_2012Metric",71.755000,-22.550000,90.000000,bottom
"D20","1N4148","D_0805_2012Metric",90.805000,-22.550000,90.000000,bottom
"D21","1N4148","D_0805_2012Metric",109.855000,-22.550000,90.000000,bottom
"D22","1N4148","D_0805_2012Metric",128.905000,-22.550000,90.000000,bottom
"D23","1N4148","D_0805_2012Metric",147.955000,-22.550000,90.000000,bottom
"D24","1N4148","D_0805_2012Metric",167.005000,-22.550000,90.000000,bottom
"D25","1N4148","D_0805_2012Metric",186.055000,-22.550000,90.000000,bottom
"D26","1N4148","D_0805_2012Metric",205.105000,-22.550000,90.000000,bottom
"D27","1N4148","D_0805_2012Metric",224.155000,-22.550000,90.000000,bottom
"D28","1N4148","D_0805_2012Metric",243.205000,-22.550000,90.000000,bottom
"D29","1N4148","D_0805_2012Metric",267.017500,-22.550000,90.000000,bottom
"D30","1N4148","D_0805_2012Metric",-2.063700,-41.600000,90.000000,bottom
"D31","1N4148","D_0805_2012Metric",38.417500,-41.600000,90.000000,bottom
"D32","1N4148","D_0805_2012Metric",57.467500,-41.600000,90.000000,bottom
"D33","1N4148","D_0805_2012Metric",76.517500,-41.600000,90.000000,bottom
"D34","1N4148","D_0805_2012Metric",95.567500,-41.600000,90.000000,bottom
"D35","1N4148","D_0805_2012Metric",114.617500,-41.600000,90.000000,bottom
"D36","1N4148","D_0805_2012Metric",133.667500,-41.600000,90.000000,bottom
"D37","1N4148","D_0805_2012Metric",152.717500,-41.600000,90.000000,bottom
"D38","1N4148","D_0805_2012Metric",171.767500,-41.600000,90.000000,bottom
"D39","1N4148","D_0805_2012Metric",190.817500,-41.600000,90.000000,bottom
"D40","1N4148","D_0805_2012Metric",209.867500,-41.600000,90.000000,bottom
"D41","1N4148","D_0805_2012Metric",228.917500,-41.600000,90.000000,bottom
"D42","1N4148","D_0805_2012Metric",259.873700,-41.600000,90.000000,bottom
"D43","1N4148","D_0805_2012Metric",16.986300,-60.650000,90.000000,bottom
"D44","1N4148","D_0805_2012Metric",47.942500,-60.650000,90.000000,bottom
"D45","1N4148","D_0805_2012Metric",66.992500,-60.650000,90.000000,bottom
"D46","1N4148","D_0805_2012Metric",86.042500,-60.650000,90.000000,bottom
"D47","1N4148","D_0805_2012Metric",105.092500,-60.650000,90.000000,bottom
"D48","1N4148","D_0805_2012Metric",124.142500,-60.650000,90.000000,bottom
"D49","1N4148","D_0805_2012Metric",143.192500,-60.650000,90.000000,bottom
"D50","1N4148","D_0805_2012Metric",162.242500,-60.650000,90.000000,bottom
"D51","1N4148","D_0805_2012Metric",181.292500,-60.650000,90.000000,bottom
"D52","1N4148","D_0805_2012Metric",200.342500,-60.650000,90.000000,bottom
"D53","1N4148","D_0805_2012Metric",219.392500,-60.650000,90.000000,bottom
"D54","1N4148","D_0805_2012Metric",255.111200,-60.650000,90.000000,bottom
"D55","1N4148","D_0805_2012Metric",271.780000,-60.650000,90.000000,bottom
"D56","1N4148","D_0805_2012Metric",33.655000,-79.700000,90.000000,bottom
"D57","1N4148","D_0805_2012Metric",57.467500,-79.700000,90.000000,bottom
"D58","1N4148","D_0805_2012Metric",100.330000,-79.700000,90.000000,bottom
"D59","1N4148","D_0805_2012Metric",138.430000,-79.700000,90.000000,bottom
"D60","1N4148","D_0805_2012Metric",176.530000,-79.700000,90.000000,bottom
"D61","1N4148","D_0805_2012Metric",219.392500,-79.700000,90.000000,bottom
"D62","1N4148","D_0805_2012Metric",243.205000,-79.700000,90.000000,bottom
"DF1","SMF9.0CA","D_SOD-123",3.900000,-5.800000,90.000000,bottom
"DSH1","SMF9.0CA","D_SOD-123",112.650000,6.280000,0.000000,bottom
"F1","1.5A trip PTC","Fuse_1206_3216Metric",6.614600,-5.800000,-90.000000,bottom
"J1","TYPE-C-31-M-12","USB_C_Receptacle_HRO_TYPE-C-31-M-12",9.050000,7.350000,0.000000,bottom
"Q1","AO3400A","SOT-23",28.575000,-7.937500,90.000000,bottom
"R1","470","R_0805_2012Metric",-5.080000,-2.500000,0.000000,bottom
"R2","470","R_0805_2012Metric",13.970000,-2.500000,0.000000,bottom
"R3","470","R_0805_2012Metric",33.020000,-2.500000,0.000000,bottom
"R4","470","R_0805_2012Metric",52.070000,-2.500000,0.000000,bottom
"R5","470","R_0805_2012Metric",71.120000,-2.500000,0.000000,bottom
"R6","470","R_0805_2012Metric",90.170000,-2.500000,0.000000,bottom
"R7","470","R_0805_2012Metric",109.220000,-2.500000,0.000000,bottom
"R8","470","R_0805_2012Metric",128.270000,-2.500000,0.000000,bottom
"R9","470","R_0805_2012Metric",147.320000,-2.500000,0.000000,bottom
"R10","470","R_0805_2012Metric",166.370000,-2.500000,0.000000,bottom
"R11","470","R_0805_2012Metric",185.420000,-2.500000,0.000000,bottom
"R12","470","R_0805_2012Metric",204.470000,-2.500000,0.000000,bottom
"R13","470","R_0805_2012Metric",223.520000,-2.500000,0.000000,bottom
"R14","470","R_0805_2012Metric",242.570000,-2.500000,0.000000,bottom
"R15","470","R_0805_2012Metric",252.095000,-2.500000,0.000000,bottom
"R16","470","R_0805_2012Metric",-0.317500,-21.550000,0.000000,bottom
"R17","470","R_0805_2012Metric",23.495000,-21.550000,0.000000,bottom
"R18","470","R_0805_2012Metric",42.545000,-21.550000,0.000000,bottom
"R19","470","R_0805_2012Metric",61.595000,-21.550000,0.000000,bottom
"R20","470","R_0805_2012Metric",80.645000,-21.550000,0.000000,bottom
"R21","470","R_0805_2012Metric",99.695000,-21.550000,0.000000,bottom
"R22","470","R_0805_2012Metric",118.745000,-21.550000,0.000000,bottom
"R23","470","R_0805_2012Metric",137.795000,-21.550000,0.000000,bottom
"R24","470","R_0805_2012Metric",156.845000,-21.550000,0.000000,bottom
"R25","470","R_0805_2012Metric",175.895000,-21.550000,0.000000,bottom
"R26","470","R_0805_2012Metric",194.945000,-21.550000,0.000000,bottom
"R27","470","R_0805_2012Metric",213.995000,-21.550000,0.000000,bottom
"R28","470","R_0805_2012Metric",233.045000,-21.550000,0.000000,bottom
"R29","470","R_0805_2012Metric",256.857500,-21.550000,0.000000,bottom
"R30","470","R_0805_2012Metric",2.300000,-45.740000,0.000000,bottom
"R31","470","R_0805_2012Metric",28.257500,-43.155000,0.000000,bottom
"R32","470","R_0805_2012Metric",47.307500,-40.600000,0.000000,bottom
"R33","470","R_0805_2012Metric",66.357500,-40.600000,0.000000,bottom
"R34","470","R_0805_2012Metric",85.407500,-40.600000,0.000000,bottom
"R35","470","R_0805_2012Metric",104.457500,-40.600000,0.000000,bottom
"R36","470","R_0805_2012Metric",123.507500,-40.600000,0.000000,bottom
"R37","470","R_0805_2012Metric",142.557500,-40.600000,0.000000,bottom
"R38","470","R_0805_2012Metric",161.607500,-40.600000,0.000000,bottom
"R39","470","R_0805_2012Metric",180.657500,-40.600000,0.000000,bottom
"R40","470","R_0805_2012Metric",199.707500,-40.600000,0.000000,bottom
"R41","470","R_0805_2012Metric",218.757500,-40.600000,0.000000,bottom
"R42","470","R_0805_2012Metric",249.713700,-40.600000,0.000000,bottom
"R43","470","R_0805_2012Metric",6.826300,-59.650000,0.000000,bottom
"R44","470","R_0805_2012Metric",37.782500,-59.650000,0.000000,bottom
"R45","470","R_0805_2012Metric",56.832500,-59.650000,0.000000,bottom
"R46","470","R_0805_2012Metric",75.882500,-59.650000,0.000000,bottom
"R47","470","R_0805_2012Metric",94.932500,-59.650000,0.000000,bottom
"R48","470","R_0805_2012Metric",113.982500,-59.650000,0.000000,bottom
"R49","470","R_0805_2012Metric",133.032500,-59.650000,0.000000,bottom
"R50","470","R_0805_2012Metric",152.082500,-59.650000,0.000000,bottom
"R51","470","R_0805_2012Metric",171.132500,-59.650000,0.000000,bottom
"R52","470","R_0805_2012Metric",190.182500,-59.650000,0.000000,bottom
"R53","470","R_0805_2012Metric",209.232500,-59.650000,0.000000,bottom
"R54","470","R_0805_2012Metric",244.951200,-59.650000,0.000000,bottom
"R55","470","R_0805_2012Metric",261.620000,-59.650000,0.000000,bottom
"R56","470","R_0805_2012Metric",23.495000,-78.700000,0.000000,bottom
"R57","470","R_0805_2012Metric",47.307500,-78.700000,0.000000,bottom
"R58","470","R_0805_2012Metric",90.170000,-78.700000,0.000000,bottom
"R59","470","R_0805_2012Metric",128.270000,-78.700000,0.000000,bottom
"R60","470","R_0805_2012Metric",166.370000,-78.700000,0.000000,bottom
"R61","470","R_0805_2012Metric",209.232500,-78.700000,0.000000,bottom
"R62","470","R_0805_2012Metric",233.045000,-78.700000,0.000000,bottom
"RCC1","5.1k","R_0603_1608Metric",-0.965200,5.889600,0.000000,bottom
"RCC2","5.1k","R_0603_1608Metric",-0.965200,7.689600,180.000000,bottom
"RD1","22","R_0603_1608Metric",8.536000,-28.400000,-90.000000,bottom
"RD2","22","R_0603_1608Metric",10.100000,-28.400000,-90.000000,bottom
"RGB1","WS2812B","LED_WS2812B-Mini_PLCC4_3.5x3.5mm",-5.729000,-19.050000,-90.000000,bottom
"RGB2","WS2812B","LED_WS2812B-Mini_PLCC4_3.5x3.5mm",272.429000,-19.050000,-90.000000,bottom
"RGB3","WS2812B","LED_WS2812B-Mini_PLCC4_3.5x3.5mm",-5.710000,-40.800000,-90.000000,bottom
"RGB4","WS2812B","LED_WS2812B-Mini_PLCC4_3.5x3.5mm",272.429000,-40.800000,-90.000000,bottom
"RHWB1","10k","R_0603_1608Metric",28.194000,-40.259000,180.000000,bottom
"RPB1","1k","R_0805_2012Metric",32.131000,-7.874000,90.000000,bottom
"RRST1","10k","R_0603_1608Metric",15.081300,-41.275000,180.000000,bottom
"RSH1","1M","R_0805_2012Metric",27.400000,4.400000,-90.000000,bottom
"RSH2","1M","R_0805_2012Metric",106.040000,4.400000,-90.000000,bottom
"RST1","SW_SPST","SW_SPST_TL3342",39.687500,-68.262500,0.000000,bottom
"U1","ATmega32U4-M","QFN-44-1EP_7x7mm_P0.5mm_EP5.2x5.2mm",19.754800,-34.314200,0.000000,bottom
"U2","USBLC6-2SC6","SOT-23-6",9.815000,-5.800000,-90.000000,bottom
"Y1","16MHz","Crystal_SMD_3225-4Pin_3.2x2.5mm",19.431000,-25.019000,180.000000,bottom
"H1","~","Mounting_Hole_Oval_2.5x8mm",124.250000,-8.600000,90.000000,top
"H5","~","halfSideHole",-9.150000,-47.600000,0.000000,top
"H6","~","halfSideHole",275.850000,-47.600000,0.000000,top
"H8","~","halfSideHole",39.100000,-85.400000,90.000000,top
"H9","~","halfSideHole",227.600000,-85.400000,90.000000,top
"LED1","LED","MX-LED",0.000000,0.000000,0.000000,top
"LED2","LED","MX-LED",19.050000,0.000000,0.000000,top
"LED3","LED","MX-LED",38.100000,0.000000,0.000000,top
"LED4","LED","MX-LED",57.150000,0.000000,0.000000,top
"LED5","LED","MX-LED",76.200000,0.000000,0.000000,top
"LED6","LED","MX-LED",95.250000,0.000000,0.000000,top
"LED7","LED","MX-LED",114.300000,0.000000,0.000000,top
"LED8","LED","MX-LED",133.350000,0.000000,0.000000,top
"LED9","LED","MX-LED",152.400000,0.000000,0.000000,top
"LED10","LED","MX-LED",171.450000,0.000000,0.000000,top
"LED11","LED","MX-LED",190.500000,0.000000,0.000000,top
"LED12","LED","MX-LED",209.550000,0.000000,0.000000,top
"LED13","LED","MX-LED",228.600000,0.000000,0.000000,top
"LED14","LED","MX-LED",257.175000,0.000000,0.000000,top
"LED14_1","LED","MX-LED",247.650000,0.000000,0.000000,top
"LED15","LED","MX-LED",266.700000,0.000000,0.000000,top
"LED16","LED","MX-LED",4.762500,-19.050000,0.000000,top
"LED17","LED","MX-LED",28.575000,-19.050000,0.000000,top
"LED18","LED","MX-LED",47.625000,-19.050000,0.000000,top
"LED19","LED","MX-LED",66.675000,-19.050000,0.000000,top
"LED20","LED","MX-LED",85.725000,-19.050000,0.000000,top
"LED21","LED","MX-LED",104.775000,-19.050000,0.000000,top
"LED22","LED","MX-LED",123.825000,-19.050000,0.000000,top
"LED23","LED","MX-LED",142.875000,-19.050000,0.000000,top
"LED24","LED","MX-LED",161.925000,-19.050000,0.000000,top
"LED25","LED","MX-LED",180.975000,-19.050000,0.000000,top
"LED26","LED","MX-LED",200.025000,-19.050000,0.000000,top
"LED27","LED","MX-LED",219.075000,-19.050000,0.000000,top
"LED28","LED","MX-LED",238.125000,-19.050000,0.000000,top
"LED29","LED","MX-LED",261.937500,-19.050000,0.000000,top
"LED30","LED","MX-LED",7.143800,-38.100000,0.000000,top
"LED30_1","LED","MX-LED",2.381200,-38.100000,0.000000,top
"LED30_2","LockLED","MX-Lock-LED",7.143800,-38.100000,0.000000,top
"LED31","LED","MX-LED",33.337500,-38.100000,0.000000,top
"LED32","LED","MX-LED",52.387500,-38.100000,0.000000,top
"LED33","LED","MX-LED",71.437500,-38.100000,0.000000,top
"LED34","LED","MX-LED",90.487500,-38.100000,0.000000,top
"LED35","LED","MX-LED",109.537500,-38.100000,0.000000,top
"LED36","LED","MX-LED",128.587500,-38.100000,0.000000,top
"LED37","LED","MX-LED",147.637500,-38.100000,0.000000,top
"LED38","LED","MX-LED",166.687500,-38.100000,0.000000,top
"LED39","LED","MX-LED",185.737500,-38.100000,0.000000,top
"LED40","LED","MX-LED",204.787500,-38.100000,0.000000,top
"LED41","LED","MX-LED",223.837500,-38.100000,0.000000,top
"LED42","LED","MX-LED",254.793700,-38.100000,0.000000,top
"LED43","LED","MX-LED",11.906300,-57.150000,0.000000,top
"LED44","LED","MX-LED",42.862500,-57.150000,0.000000,top
"LED45","LED","MX-LED",61.912500,-57.150000,0.000000,top
"LED46","LED","MX-LED",80.962500,-57.150000,0.000000,top
"LED47","LED","MX-LED",100.012500,-57.150000,0.000000,top
"LED48","LED","MX-LED",119.062500,-57.150000,0.000000,top
"LED49","LED","MX-LED",138.112500,-57.150000,0.000000,top
"LED50","LED","MX-LED",157.162500,-57.150000,0.000000,top
"LED51","LED","MX-LED",176.212500,-57.150000,0.000000,top
"LED52","LED","MX-LED",195.262500,-57.150000,0.000000,top
"LED53","LED","MX-LED",214.312500,-57.150000,0.000000,top
"LED54","LED","MX-LED",250.031200,-57.150000,0.000000,top
"LED54_1","LED","MX-LED",240.506300,-57.150000,0.000000,top
"LED55","LED","MX-LED",266.700000,-57.150000,0.000000,top
"LED56","LED","MX-LED",28.575000,-76.200000,0.000000,top
"LED57","LED","MX-LED",52.387500,-76.200000,0.000000,top
"LED58","LED","MX-LED",95.250000,-76.200000,0.000000,top
"LED59","LED","MX-LED",133.350000,-76.200000,0.000000,top
"LED60","LED","MX-LED",171.450000,-76.200000,0.000000,top
"LED61","LED","MX-LED",214.312500,-76.200000,0.000000,top
"LED62","LED","MX-LED",238.125000,-76.200000,0.000000,top
"LF1","~","viper_outline",133.350000,-38.085000,0.000000,top
"SW1","SW_Push","SW_Hybrid_Cherry_MX_Alps_1.00u_1",0.000000,0.000000,0.000000,top
"SW2","SW_Push","SW_Hybrid_Cherry_MX_Alps_1.00u_1",19.050000,0.000000,0.000000,top
"SW3","SW_Push","SW_Hybrid_Cherry_MX_Alps_1.00u_1",38.100000,0.000000,0.000000,top
"SW4","SW_Push","SW_Hybrid_Cherry_MX_Alps_1.00u_1",57.150000,0.000000,0.000000,top
"SW5","SW_Push","SW_Hybrid_Cherry_MX_Alps_1.00u_1",76.200000,0.000000,0.000000,top
"SW6","SW_Push","SW_Hybrid_Cherry_MX_Alps_1.00u_1",95.250000,0.000000,0.000000,top
"SW7","SW_Push","SW_Hybrid_Cherry_MX_Alps_1.00u_1",114.300000,0.000000,0.000000,top
"SW8","SW_Push","SW_Hybrid_Cherry_MX_Alps_1.00u_1",133.350000,0.000000,0.000000,top
"SW9","SW_Push","SW_Hybrid_Cherry_MX_Alps_1.00u_1",152.400000,0.000000,0.000000,top
"SW10","SW_Push","SW_Hybrid_Cherry_MX_Alps_1.00u_1",171.450000,0.000000,0.000000,top
"SW11","SW_Push","SW_Hybrid_Cherry_MX_Alps_1.00u_1",190.500000,0.000000,0.000000,top
"SW12","SW_Push","SW_Hybrid_Cherry_MX_Alps_1.00u_1",209.550000,0.000000,0.000000,top
"SW13","SW_Push","SW_Hybrid_Cherry_MX_Alps_1.00u_1",228.600000,0.000000,0.000000,top
"SW14","SW_Push","SW_Hybrid_Cherry_MX_Alps_1.00u_1",257.175000,0.000000,0.000000,top
"SW14_1","SW_Push","SW_Hybrid_Cherry_MX_Alps_1.00u_1",247.650000,0.000000,0.000000,top
"SW15","SW_Push","SW_Hybrid_Cherry_MX_Alps_1.00u_1",266.700000,0.000000,0.000000,top
"SW16","SW_Push","SW_Hybrid_Cherry_MX_Alps_1.00u_1",4.762500,-19.050000,0.000000,top
"SW17","SW_Push","SW_Hybrid_Cherry_MX_Alps_1.00u_1",28.575000,-19.050000,0.000000,top
"SW18","SW_Push","SW_Hybrid_Cherry_MX_Alps_1.00u_1",47.625000,-19.050000,0.000000,top
"SW19","SW_Push","SW_Hybrid_Cherry_MX_Alps_1.00u_1",66.675000,-19.050000,0.000000,top
"SW20","SW_Push","SW_Hybrid_Cherry_MX_Alps_1.00u_1",85.725000,-19.050000,0.000000,top
"SW21","SW_Push","SW_Hybrid_Cherry_MX_Alps_1.00u_1",104.775000,-19.050000,0.000000,top
"SW22","SW_Push","SW_Hybrid_Cherry_MX_Alps_1.00u_1",123.825000,-19.050000,0.000000,top
"SW23","SW_Push","SW_Hybrid_Cherry_MX_Alps_1.00u_1",142.875000,-19.050000,0.000000,top
"SW24","SW_Push","SW_Hybrid_Cherry_MX_Alps_1.00u_1",161.925000,-19.050000,0.000000,top
"SW25","SW_Push","SW_Hybrid_Cherry_MX_Alps_1.00u_1",180.975000,-19.050000,0.000000,top
"SW26","SW_Push","SW_Hybrid_Cherry_MX_Alps_1.00u_1",200.025000,-19.050000,0.000000,top
"SW27","SW_Push","SW_Hybrid_Cherry_MX_Alps_1.00u_1",219.075000,-19.050000,0.000000,top
"SW28","SW_Push","SW_Hybrid_Cherry_MX_Alps_1.00u_1",238.125000,-19.050000,0.000000,top
"SW29","SW_Push","SW_Hybrid_Cherry_MX_Alps_1.00u_1",261.937500,-19.050000,0.000000,top
"SW30","SW_Push","SW_Hybrid_Cherry_MX_Alps_1.00u_1",7.143800,-38.100000,0.000000,top
"SW30_1","SW_Push","SW_Hybrid_Cherry_MX_Alps_1.00u_1",2.381200,-38.100000,0.000000,top
"SW31","SW_Push","SW_Hybrid_Cherry_MX_Alps_1.00u_1",33.337500,-38.100000,0.000000,top
"SW32","SW_Push","SW_Hybrid_Cherry_MX_Alps_1.00u_1",52.387500,-38.100000,0.000000,top
"SW33","SW_Push","SW_Hybrid_Cherry_MX_Alps_1.00u_1",71.437500,-38.100000,0.000000,top
"SW34","SW_Push","SW_Hybrid_Cherry_MX_Alps_1.00u_1",90.487500,-38.100000,0.000000,top
"SW35","SW_Push","SW_Hybrid_Cherry_MX_Alps_1.00u_1",109.537500,-38.100000,0.000000,top
"SW36","SW_Push","SW_Hybrid_Cherry_MX_Alps_1.00u_1",128.587500,-38.100000,0.000000,top
"SW37","SW_Push","SW_Hybrid_Cherry_MX_Alps_1.00u_1",147.637500,-38.100000,0.000000,top
"SW38","SW_Push","SW_Hybrid_Cherry_MX_Alps_1.00u_1",166.687500,-38.100000,0.000000,top
"SW39","SW_Push","SW_Hybrid_Cherry_MX_Alps_1.00u_1",185.737500,-38.100000,0.000000,top
"SW40","SW_Push","SW_Hybrid_Cherry_MX_Alps_1.00u_1",204.787500,-38.100000,0.000000,top
"SW41","SW_Push","SW_Hybrid_Cherry_MX_Alps_1.00u_1",223.837500,-38.100000,0.000000,top
"SW42","SW_Push","SW_Hybrid_Cherry_MX_Alps_1.00u_1",254.793700,-38.100000,0.000000,top
"SW43","SW_Push","SW_Hybrid_Cherry_MX_Alps_1.00u_1",11.906300,-57.150000,0.000000,top
"SW44","SW_Push","SW_Hybrid_Cherry_MX_Alps_1.00u_1",42.862500,-57.150000,0.000000,top
"SW45","SW_Push","SW_Hybrid_Cherry_MX_Alps_1.00u_1",61.912500,-57.150000,0.000000,top
"SW46","SW_Push","SW_Hybrid_Cherry_MX_Alps_1.00u_1",80.962500,-57.150000,0.000000,top
"SW47","SW_Push","SW_Hybrid_Cherry_MX_Alps_1.00u_1",100.012500,-57.150000,0.000000,top
"SW48","SW_Push","SW_Hybrid_Cherry_MX_Alps_1.00u_1",119.062500,-57.150000,0.000000,top
"SW49","SW_Push","SW_Hybrid_Cherry_MX_Alps_1.00u_1",138.112500,-57.150000,0.000000,top
"SW50","SW_Push","SW_Hybrid_Cherry_MX_Alps_1.00u_1",157.162500,-57.150000,0.000000,top
"SW51","SW_Push","SW_Hybrid_Cherry_MX_Alps_1.00u_1",176.212500,-57.150000,0.000000,top
"SW52","SW_Push","SW_Hybrid_Cherry_MX_Alps_1.00u_1",195.262500,-57.150000,0.000000,top
"SW53","SW_Push","SW_Hybrid_Cherry_MX_Alps_1.00u_1",214.312500,-57.150000,0.000000,top
"SW54","SW_Push","SW_Hybrid_Cherry_MX_Alps_1.00u_1",250.031200,-57.150000,0.000000,top
"SW54_1","SW_Push","SW_Hybrid_Cherry_MX_Alps_1.00u_1",240.506300,-57.150000,0.000000,top
"SW55","SW_Push","SW_Hybrid_Cherry_MX_Alps_1.00u_1",266.700000,-57.150000,0.000000,top
"SW56","SW_Push","SW_Hybrid_Cherry_MX_Alps_1.00u_1",28.575000,-76.200000,0.000000,top
"SW57","SW_Push","SW_Hybrid_Cherry_MX_Alps_1.00u_1",52.387500,-76.200000,0.000000,top
"SW58","SW_Push","SW_Hybrid_Cherry_MX_Alps_1.00u_1",95.250000,-76.200000,0.000000,top
"SW59","SW_Push","SW_Hybrid_Cherry_MX_Alps_1.00u_1",133.350000,-76.200000,0.000000,top
"SW60","SW_Push","SW_Hybrid_Cherry_MX_Alps_1.00u_1",171.450000,-76.200000,0.000000,top
"SW61","SW_Push","SW_Hybrid_Cherry_MX_Alps_1.00u_1",214.312500,-76.200000,0.000000,top
"SW62","SW_Push","SW_Hybrid_Cherry_MX_Alps_1.00u_1",238.125000,-76.200000,0.000000,top
